model,split,accuracy,balanced_accuracy,macro_f1,home_recall,draw_recall,away_recall,draw_boost,draw_threshold,experiment_type
logistic_c_0_05__draw_1_6__threshold_tuned,train,0.5164506480558325,0.5065515523004699,0.5043223212752386,0.5942361642438153,0.5169528841919859,0.4084656084656085,1.05,none,selected_threshold_tuned
logistic_c_0_05__draw_1_6__threshold_tuned,validation,0.5114155251141552,0.4864681292049207,0.4900272440151527,0.6556291390728477,0.39740820734341253,0.40636704119850187,1.05,none,selected_threshold_tuned
logistic_c_0_05__draw_1_6__threshold_tuned,test,0.5031446540880503,0.4826032315513724,0.4824392717366455,0.6503401360544218,0.4155251141552511,0.3819444444444444,1.05,none,selected_threshold_tuned
