league,match_count,average_total_hits_6,average_total_hits_without_exact_5,exact_score_hits,matches_with_4plus_without_exact_5,matches_with_5of5_without_exact
Bundesliga,2142,2.950513538748833,2.854808590102708,205,682,179
La Liga,2660,3.0541353383458647,2.920300751879699,356,860,208
Ligue 1,2410,2.8211618257261413,2.7004149377593363,291,640,160
Premier League,2658,2.911211437170805,2.797592174567344,302,796,199
Serie A,2658,3.0876598946576372,2.9571106094808126,347,904,238
