season,match_count,average_total_hits_6,average_total_hits_without_exact_5,exact_score_hits,matches_with_4plus_without_exact_5,matches_with_5of5_without_exact
2018/19,1826,3.092004381161008,2.95947426067908,242,617,157
2019/20,1504,3.0518617021276597,2.9335106382978724,178,499,142
2020/21,2046,3.040078201368524,2.919843597262952,246,701,183
2021/22,1825,2.9873972602739727,2.8619178082191783,229,564,152
2022/23,1826,3.02026286966046,2.881161007667032,254,592,153
2023/24,1752,2.787671232876712,2.6889269406392695,173,443,97
2024/25,1749,2.79073756432247,2.6883933676386507,179,466,100
